{"cameraMode":{"drawMode":0,"name":"Shaded","section":"Shading Mode"},"sceneLighting":true,"audioPlay":false,"sceneViewState":{"m_AlwaysRefresh":false,"showFog":true,"showSkybox":true,"showFlares":true,"showImageEffects":true,"showParticleSystems":true,"showVisualEffectGraphs":true,"m_FxEnabled":true},"in2DMode":false,"pivot":{"x":-1.8820347785949708,"y":3.2296833992004396,"z":-3.6376218795776369},"rotation":{"x":0.019048331305384637,"y":0.980923593044281,"z":-0.13204742968082429,"w":0.14153780043125153},"size":3.7111401557922365,"orthographic":false}